PS001,0
PS002,0
PS003,0
PS004,0
PS005,0
PS006,0
PS007,0
PS008,0
PS009,0
PS010,0
PS011,0
PS012,0
PS013,0
PS014,0
PS015,0
PS016,0
PS017,0
PS018,0
PS019,0
PS020,0
PS021,0
PS022,0
PS023,0
PS024,0
PS025,0
PS026,0
PS027,0
PS028,0
PS029,0
PS030,0
PS031,0
PS032,0
PS033,0
PS034,0
PS035,0
PS036,0
PS037,0
PS038,0
PS039,0
PS040,0
PS041,0
PS042,0
PS043,0
PS044,0
PS045,0
PS046,0
PS047,0
PS048,0
PS049,0
PS050,0
PS051,0
PS052,0
PS053,0
PS054,0
PS055,0
PS056,0
PS057,0
PS058,0
PS059,0
PS060,0
PS061,0
PS062,0
PS063,0
PS064,0
PS065,0
PS066,0
PS067,0
PS068,0
PS069,0
PS070,0
PS071,0
PS072,0
PS073,0
PS074,0
PS075,0
PS076,0
PS077,0
PS078,0
PS079,0
PS080,0